Train MSE,Test MSE,Train MAE,Test MAE,Train MAPE,Test MAPE,Test SAE,Source project,Target project,repitation
482.27263509253936,433.0796471029595,12.329229736478123,15.372862383006773,0.16864787912672072,0.42820023846176636,0.5971952382275598,Eclipse,Libreoffice,0
479.7463080692896,1355.5434944741094,12.258418139848947,25.35920785286679,0.16747276835118136,0.5179592495614013,0.41530781406750206,Eclipse,Android,0
484.9069879735352,875.0622380359276,12.303636898889895,21.813662660563466,0.16758255041637052,0.5387883765060045,0.46351428706489384,Eclipse,Openstack,0
481.72568402888714,1334.8214670276855,12.32195306610435,25.746500382450307,0.16860964921702704,0.5294537242068617,0.40439734871528743,Eclipse,Qt,0
