Train MSE,Test MSE,Train MAE,Test MAE,Train MAPE,Test MAPE,Test SAE,Source project,Target project,repitation
291.31887169387215,426.23484238901926,9.577676248109551,15.291036453441288,0.1476904739498176,0.4369545246430354,0.5392841405930987,Qt,Libreoffice,0
290.7993098249529,1348.3942877829802,9.546216421487625,25.322040451681847,0.14711273923604123,0.5307966976026833,0.3557591559139096,Qt,Android,0
291.4930047224672,2095.8698100020492,9.583888498759524,31.466944584136794,0.14788218930280603,0.5995452790242979,0.27199199427637333,Qt,Eclipse,0
290.6327456596847,844.0030657367154,9.545334090134057,21.23326515618458,0.14710206946528825,0.5335716899595656,0.41251827639443506,Qt,Openstack,0
