Train MSE,Test MSE,Train MAE,Test MAE,Train MAPE,Test MAPE,Test SAE,Source project,Target project,repitation
271.8931292227207,419.2926152249091,9.210619322843755,15.153033973281843,0.14450678134046335,0.43393271576617404,0.5389461816268188,Android,Libreoffice,0
273.1357563770195,2077.056383782022,9.22458136357923,31.342057095794203,0.14442057572246322,0.589542508849692,0.27741339130212794,Android,Eclipse,0
270.88933514651325,856.806087586825,9.187596951730038,21.3785544678071,0.1439855265755041,0.5342281753975029,0.4083419523964711,Android,Openstack,0
272.774933783994,1320.5263491975056,9.216807437978893,25.36325988900523,0.1441093318874308,0.5149793769584553,0.3547112130594082,Android,Qt,0
