Train MSE,Test MSE,Train MAE,Test MAE,Train MAPE,Test MAPE,Test SAE,Source project,Target project,repitation
90.30997692798684,1424.0729770887565,5.844518049245966,26.213296156656252,0.13926452338795448,0.5394998701859204,0.20275301401158863,Libreoffice,Android,0
89.89380631485561,2173.5897226315765,5.844519028198209,31.949769924795586,0.13931967216015007,0.5916312595380211,0.16297855335347777,Libreoffice,Eclipse,0
90.08271114598857,903.2908923020245,5.8386026899678996,22.115758509196272,0.13904129288180056,0.5393842817371586,0.21791253292670199,Libreoffice,Openstack,0
90.6363366358449,1399.8326938752125,5.837241863634746,26.27011098754085,0.13887154969682675,0.5243216992114685,0.20855505962052312,Libreoffice,Qt,0
