Train MSE,Test MSE,Train MAE,Test MAE,Train MAPE,Test MAPE,Test SAE,Source project,Target project,repitation
173.0244053484218,428.18750528149513,7.937719744727394,15.265160154603311,0.15472440120197758,0.42431441527463104,0.46030299510728245,Openstack,Libreoffice,0
172.65596608591954,1391.7679980772284,7.934899224553561,25.707251776233342,0.15474973735706493,0.5076349936643323,0.28855290793298716,Openstack,Android,0
173.12054032935944,2114.200302090177,7.94447843588849,31.57396942310193,0.15479502491678426,0.5875716274271346,0.22356776334674455,Openstack,Eclipse,0
172.55146357754595,1323.7154683421409,7.940499697742846,25.506816687522516,0.154803467881066,0.5103970897301061,0.29444934949817514,Openstack,Qt,0
